deleers.ovh,87.98.154.146,ns14.ovh.net.,dns14.ovh.net.,,
ovh.com,198.27.92.1,ns10.ovh.net.,ns.ovh.net.,dns.ovh.net.,ns200.anycast.me.,dns200.anycast.me.,dns10.ovh.net.,,
ovh.net,213.186.33.6,ns10.ovh.net.,dns11.ovh.net.,dns15.ovh.net.,dns12.ovh.net.,ns11.ovh.net.,ns13.ovh.net.,dns10.ovh.net.,dns13.ovh.net.,ns12.ovh.net.,ns15.ovh.net.,,
google.com,216.58.215.46,ns2.google.com.,ns1.google.com.,ns4.google.com.,ns3.google.com.,2a00:1450:4007:808::200e,
blogs-savoir.fr,213.186.33.173,,,ns200.anycast.me.,dns200.anycast.me.,
ponsen.fr,213.186.33.173,,,dns200.anycast.me.,ns200.anycast.me.,
www.ponsen.shop,213.186.33.173,,,,
blogs-savoir.be,213.186.33.50,,,ns102.ovh.net.,dns102.ovh.net.,
www.blogs-savoir.fr,213.186.33.173,,,,
www.blogs-savoir.net,213.186.33.173,,,,
www.blogs-savoir.com,213.186.33.50,,,,
blogs-savoir.net,213.186.33.173,,,ns102.ovh.net.,dns102.ovh.net.,
freddy-images.blogs-savoir.fr,213.186.33.50,,2001:41d0:1:1b00:213:186:33:50,,
blogs-savoir.info,213.186.33.173,,,ns102.ovh.net.,dns102.ovh.net.,
www.blogs-savoir.be,213.186.33.173,,,,
www.formextra.eu,213.186.33.173,,,,
www.blogs-savoir.coffre-fort.info,213.186.33.50,,2001:41d0:1:1b00:213:186:33:50,,
www.blogs-savoir.info,213.186.33.173,,,,
www.ponsen.fr,213.186.33.173,,,,
www.blogs-savoir.org,213.186.33.173,,,,
formextra.eu,213.186.33.173,,,dns113.ovh.net.,ns113.ovh.net.,
www.blogs-savoir.biz,213.186.33.173,,,,
www.formextra.net,213.186.33.50,,2001:41d0:1:1b00:213:186:33:50,,
www.freddy-images.blogs-savoir.fr,,,,,
blogs-savoir.eu,213.186.33.173,,,ns102.ovh.net.,dns102.ovh.net.,
www.blogs-savoir.eu,213.186.33.173,,,,
blogs-savoir.com,213.186.33.50,,,ns200.anycast.me.,dns200.anycast.me.,
blogs-savoir.org,213.186.33.173,,,dns102.ovh.net.,ns102.ovh.net.,
blogs-savoir.coffre-fort.info,213.186.33.50,,2001:41d0:1:1b00:213:186:33:50,,
blogs-savoir.biz,213.186.33.173,,,dns102.ovh.net.,ns102.ovh.net.,
formextra.net,213.186.33.50,,2001:41d0:1:1b00:213:186:33:50,dns113.ovh.net.,ns113.ovh.net.,
ponsen.shop,213.186.33.173,,,dns200.anycast.me.,ns200.anycast.me.,
